SKU,Category,Description,Old Cost,New Cost,Status
16PKFILSS24WW,Filters,16Pk Filter,2.4,13.14,CHANGED
1STEPDRWWW,Steps,Spa Steps,,18.92,SET (was blank)
20LCAREFFBLK,Dry Bags,20L Carbon Effect Pvc Roll-Top Deck Bag Black,,11.37,SET (was blank)
20LPVC1PORA,Dry Bags,20L Pvc 1 Strap Dry Bag Orange,,5.47,SET (was blank)
20LZIPPVCBLK,Dry Bags,20L Zipped Pvc Deck Bag Black,,13.9,SET (was blank)
2424WRENWW,Wrench,Wrench For 2024 Spas WW,,0.03,SET (was blank)
24COM6ILBLUK,Spa Spares,6 Person Octagon Como Metallic Blue Inner Liner UK 24,,37.14,SET (was blank)
24DPLUGWW,Drain Plug,Drain Plug WW,10.0,0.01,CHANGED
24HOSADAPWW,Hose Adapter,Garden Hose Adapter WW,,0.01,SET (was blank)
24HSTOPWW,Hair Stopper,Hair Stopper WW,,0.05,SET (was blank)
2PKFILSS24WW,Filters,2Pk Filter,2.4,1.76,CHANGED
40LPVC1PBLK,Dry Bags,40L Pvc 1 Strap Dry Bag Black,,6.37,SET (was blank)
40LPVC1PORA,Dry Bags,40L Pvc 1 Strap Dry Bag Orange,,6.7,SET (was blank)
4PKFILSS24WW,Filters,4Pk Filter,2.4,3.69,CHANGED
5054487529092,Drink Holder,Pu Foam Drink Holder (Black) A,,6.6,SET (was blank)
5054487529108,Headrest and Seats,Pu Foam Headrest (Black) A,,6.04,SET (was blank)
5054487582257,Chemicals/Starter Kit,Hot Tub Sparkle/Clarifier 1L,2.49,1.98,CHANGED
5054487582271,Chemicals/Starter Kit,Hot Tub Chlorine Granules 1Kg,3.22,3.4,CHANGED
5054487582295,Chemicals/Starter Kit,Hot Tub Algaecide 1L,2.41,4.63,CHANGED
5054487582301,Chemicals/Starter Kit,Hot Tub Ph Increaser 1L,2.28,2.74,CHANGED
5054487582318,Chemicals/Starter Kit,Hot Tub Starter Kit,,10.95,SET (was blank)
5054487582325,Chemicals/Starter Kit,Hot Tub Multi Functional Tablets 1Kg,4.72,3.94,CHANGED
5054487582417,Headrest and Seats,Pu Foam Headrest (Grey),,6.04,SET (was blank)
5054487582424,Drink Holder,Pu Foam Drink Holder (Grey),,6.45,SET (was blank)
5054487582615,Chemicals,Multi Functional Tablets Dispenser,3.5,0.44,CHANGED
5054487614422,Filters,2Pk Filter (For Models From 2020),,2.05,SET (was blank)
5054487647390,Chemicals/Starter Kit,Hot Tub Chlorine Granules 5Kg,,10.38,SET (was blank)
5054487647444,Spa Covers,Spa Cover For Atlantic Plus 6 Blue,12.83,6.51,CHANGED
5054487647499,Spa Covers,Spa Cover For Pacific 4 Spa - Black Colour Cover,11.16,9.43,CHANGED
5054487648267,Inflatable Covers,Pacific 4 Spa Inflatable Cover,,8.42,SET (was blank)
5054487648298,Inflatable Seat,Inflatable Seat Cushion,,2.0,SET (was blank)
5054487648311,Chemicals,Hot Tub 3 In 1 Cleaning Kit,,5.22,SET (was blank)
5054487648328,Headrest and Seats,Inflatable Headrest,,1.94,SET (was blank)
5054487648342,Spa Covers,Spa Cover For Swift 6 Rattan,30.76,26.03,CHANGED
5054487648939,Chemicals/Starter Kit,Hot Tub Filter Cleaner 1L,,3.25,SET (was blank)
5054487649394,Chemicals/Starter Kit,Hot Tub Alkalinity Increaser 1L,,1.48,SET (was blank)
5054487649424,Ground Cloth,Spa Ground Cloth For Atlantic 4,4.51,1.38,CHANGED
5054487649431,Ground Cloth,Spa Ground Cloth For Atlantic Plus 6,4.51,1.91,CHANGED
5054487649523,Filters,2Pk Filter (For Models From 2020) Old,,2.05,SET (was blank)
5054487650697,Chemicals,Multi Functional Tablets Dispenser B,3.5,0.77,CHANGED
5054487651700,Spa Repair Kit,Repair Kit With Glue (California Spa),,1.26,SET (was blank)
5054487651717,Spa Repair Kit,Repair Kit With Glue (Rome Spa),,1.26,SET (was blank)
5054487652011,Chemicals/Starter Kit,Hot Tub Multi Functional Tablets 5Kg,,15.95,SET (was blank)
5054487652042,Bubble Mat,Atlantic Plus Spa Bubble Mat Liner (Grey 120Gsm) A,,2.25,SET (was blank)
5054487652059,Bubble Mat,Atlantic Spa Bubble Met Liner (Grey 120Gsm) A,,1.89,SET (was blank)
5054487652066,Bubble Mat,Pacific Spa Bubble Mat Liner (Grey 120Gsm),,1.63,SET (was blank)
5054487654039,Spa Covers,Spa Cover For Pacific 4 - Green Colour Cover,,8.66,SET (was blank)
5054487654749,Chemicals/Starter Kit,Star Oil Absorbing Foam,,0.3,SET (was blank)
5054487655432,Chemicals,Chemical -Measuring Set - 6Pcs,1.38,0.65,CHANGED
5054487655463,Chemicals,3Pk Hot Tub Magic Cleaning Foam,0.83,0.36,CHANGED
5054487655678,Robes,Microfiber Robe With Hood -Rose Red (Kids),,3.25,SET (was blank)
5054487655760,Robes,Microfiber Robe With Hood - Blue (Kids),,3.56,SET (was blank)
5054487757686,Backpack,Wave Sup Backpack Navy With Logo,,1.79,SET (was blank)
5054487757693,Repair Kit,WW Wave Sup Repair Kit (Aqua) A,,0.4,SET (was blank)
5054487758393,Bungees,Wave Tourer Bungee Cord (Navy) 3.5mm,,0.28,SET (was blank)
5054487758409,Bungees,Wave Tourer Bungee Cord (Orange) 3.5mm,,0.28,SET (was blank)
5054487760303,Backpack,Wave Pro Backpack 1000D,,9.72,SET (was blank)
5060149801314,Chemicals/Starter Kit,Hot Tub Ph Reducer Granules 1.5KG,2.4,2.55,CHANGED
5060149801444,Chemicals/Starter Kit,Hot Tub No Foam 1L CPC,3.04,3.32,CHANGED
5060149801833,Chemicals/Starter Kit,Hot Tub Multi Functional Tablets 5Kg 2026,,15.95,SET (was blank)
5060149807033,Chemicals/Starter Kit,Hot Tub Scent Spring Breeze 500G,2.95,3.46,CHANGED
5060149807040,Chemicals/Starter Kit,Hot Tub Scent Summer Fun 500G,2.95,3.38,CHANGED
5060149807057,Chemicals/Starter Kit,Hot Tub Scent Lavender Burst 500G,2.95,3.28,CHANGED
5060959540106,Leash,SP. 00645 Wave Sup Leash Non-Coiled -Black,,3.12,SET (was blank)
5060959540151,Phone Covers,SP. 00650 Wave Waterproof Phone Case Aqua Green,,0.81,SET (was blank)
5060959540199,Phone Covers,SP. 00654 Wave Waterproof Phone Case Black,,0.86,SET (was blank)
5060959540328,Phone Covers,SP. 00671 Wave Waterproof Phone Case Orange,,0.81,SET (was blank)
5060959540335,Phone Covers,SP. 00672 Wave Waterproof Phone Case White,,0.81,SET (was blank)
5060959540373,Dry Bags,SP. 00676 Wave Waterproof Waistbag -Navy With Logo,,2.6,SET (was blank)
5060959540496,Paddles,SP. 00688 Wave Kids Paddle 3Pcs -Purple,,7.53,SET (was blank)
5060959540502,Paddles,SP. 00689 Wave Kids Paddle 3pcs -Navy,,9.98,SET (was blank)
5060959540700,Robes,Wave Robe Navy Size XS,,19.89,SET (was blank)
5060959540717,Robes,Wave Robe Navy Size S,,19.89,SET (was blank)
5060959540724,Robes,Wave Robe Navy Size M,,19.89,SET (was blank)
5060959540731,Robes,Wave Robe Navy Size L,,19.89,SET (was blank)
5060959540748,Robes,Wave Robe Navy Size XL,,19.89,SET (was blank)
5060959540755,Robes,Wave Robe Black & Pink Size XS,,19.89,SET (was blank)
5060959540762,Robes,Wave Robe Black & Pink Size S,,19.89,SET (was blank)
5060959540779,Robes,Wave Robe Black & Pink Size M,,19.89,SET (was blank)
5060959540786,Robes,Wave Robe Black & Pink Size L,,19.89,SET (was blank)
5060959540793,Robes,Wave Robe Black & Pink Size XL,,19.89,SET (was blank)
5060959540915,Robes,Wave Robe Camo XS,,28.05,SET (was blank)
5060959540922,Robes,Wave Robe Camo S,,27.48,SET (was blank)
5060959540939,Robes,Wave Robe Camo M,,25.14,SET (was blank)
5060959540946,Robes,Wave Robe Camo L,,15.58,SET (was blank)
5060959540953,Robes,Wave Robe Camo XL,,27.48,SET (was blank)
5060959540960,Robes,Wave Dog Robe Black & Grey,,8.68,SET (was blank)
5060959540977,Robes,Wave Dog Robe Black & Grey,,8.68,SET (was blank)
5060959540984,Robes,Wave Dog Robe Black & Grey,,8.68,SET (was blank)
5060959541004,Robes,Wave Towelling Poncho Navy,,6.19,SET (was blank)
5060959542773,Kayaks,Wave Roamer 1 Person Kayak,,188.57,SET (was blank)
5060959543312,Foam Mats,Wave Large Square Foam Mats (49 Pieces),,7.84,SET (was blank)
5060959543329,Foam Mats,Wave Large Round Foam Mats (16 Pieces),,10.89,SET (was blank)
5060959543336,Foam Mats,Wave Small Round Foam Mats (9 Pieces),,9.91,SET (was blank)
5060959545743,Foot Rest,Wave Kayak Foam Foot Rest,,3.21,SET (was blank)
5060959546641,SUPs,10'9 Wave Cruiser Sup Board Navy,,72.6,SET (was blank)
5060959546658,SUPs,10'9 Wave Cruiser Sup Board Aqua,,56.44,SET (was blank)
5060959546665,SUPs,10'9 Wave Cruiser Sup Board White,,73.39,SET (was blank)
5060959546702,Foot Pump,Wave Single Action Pump Black,,3.92,SET (was blank)
5060959546719,Leash,QRL Coil Ankle Leash (discontinued),,1.96,SET (was blank)
5060959546733,SUPs,10'3 Wave Tourer Sup Board Aqua,,76.43,SET (was blank)
5060959546825,Backpack,Wave Tourer Sup Backpack Navy,,3.75,SET (was blank)
5060959546832,Paddles,Wave Tourer Aluminium Paddle Black/Navy,,7.26,SET (was blank)
5060959546979,Waist Belt,Wave Sup Waist Belt,,3.78,SET (was blank)
8PKFILSS24WW,Filters,8Pk Filter,2.4,7.06,CHANGED
ADR6BLAUK,Frame Spa,6 Person Frame Spa Black,,521.73,SET (was blank)
AEG6DGRYUK,Inflatable Spa,Aegean Octagonal 6 Person Spa - Dark Grey,,149.11,SET (was blank)
AEG6INTCVR,Inflatable Covers,Aegean 6 Inflatable Cover,,8.36,SET (was blank)
AEG6NAVYUK,Inflatable Spa,Aegean Octagonal 6 Person Spa - Navy,148.21,148.21,ALREADY CORRECT
AEG6TCVBLKWW,Thermal Covers,Aegean 6 Thermal Cover,,20.52,SET (was blank)
AIC24WW,Hose Cap,Wave Drain Hose Caps For 2024 And 2025 Spas Back WW,,0.05,SET (was blank)
ANTDSBLAWW,Ice Therapy,Dropstitch Ice Bath - Black,,148.67,SET (was blank)
ATL4DGRYUK,Inflatable Spa,Atlantic Round 4 Person Spa - Dark Grey,,121.86,SET (was blank)
ATL4INTCVR,Inflatable Covers,Atlantic 4 Spa Inflatable Cover,,7.29,SET (was blank)
ATL4TCVBLKWW,Thermal Covers,Atlantic 4 Thermal Cover,,19.98,SET (was blank)
ATL6BRNRATUK,Inflatable Spa,Atlantic Round 6 Person Spa - Brown Rattan,,148.59,SET (was blank)
ATL6GRATUK,Inflatable Spa,Atlantic Round 6 Person Spa - Grey Rattan,,148.51,SET (was blank)
ATL6INTCVR,Inflatable Covers,Atlantic 6 Spa Inflatable Cover,,7.75,SET (was blank)
ATL6NAVUK,Inflatable Spa,Atlantic Round 6 Person Spa - Navy,,145.02,SET (was blank)
ATL6SLAUK,Inflatable Spa,Atlantic Round 6 Person Spa - Slate Rattan,,139.3,SET (was blank)
ATL6TCVBLKWW,Thermal Covers,Atlantic 6 Thermal Cover,,21.13,SET (was blank)
BABLAMLUKEU,Buoyancy Aid,Wave Buoyancy Aid M/L,,13.27,SET (was blank)
BABLAXLXXLUKEU,Buoyancy Aid,Wave Buoyancy Aid XL/XXL,,13.27,SET (was blank)
BABLAXSSUKEU,Buoyancy Aid,Wave Buoyancy Aid XS/S,,13.27,SET (was blank)
BLOWOUT24WW,Outlet Cap,Wave Blower Oulet Cap For 2024 Integrated Spa WW,,0.01,SET (was blank)
BP20PSIHT737,Electric Pump,Electric Pump HT737 20 PSI,,25.26,SET (was blank)
COM6CHARATUK,Foam Spa,6 Person Octagon Como Spa Charcoal Rattan UK,,308.79,SET (was blank)
COM6COVWW,Spa Covers,6 Person Octagon Como Extra Thick Spa Cover WW,,17.35,SET (was blank)
COM6EPSCVRWW,EPS Foam Spa Cover,EPS Foam Spa Cover Como 6 - Black,,95.74,SET (was blank)
COM6FLIRATUK,Foam Spa,6 Person Octagon Como Spa Flint Rattan UK,,308.79,SET (was blank)
COM6GRARATUK,Foam Spa,6 Person Octagon Como Spa Graphite Rattan UK,,308.79,SET (was blank)
COM6LCHARATUK,Spa Liner,6 Person Octagon Como Spa Liner Charcoal Rattan UK,,34.31,SET (was blank)
COM6LFLIRATUK,Spa Liner,6 Person Octagon Como Spa Liner Flint Rattan UK,,34.21,SET (was blank)
COM6LGRARATUK,Spa Liner,6 Person Octagon Como Spa Liner Graphite Rattan UK,,35.17,SET (was blank)
COM6LIDWW,Inflatable Lids,6 Person Octagon Como Inflatable Lid WW,,3.54,SET (was blank)
COM6LPEBRATUK,Spa Liner,6 Person Octagon Como Spa Liner Pebble Rattan UK,,39.71,SET (was blank)
COM6PEBRATUK,Foam Spa,6 Person Octagon Como Spa Pebble Rattan UK,308.79,308.79,ALREADY CORRECT
COM6TCVBLKWW,Thermal Covers,Como 6 Thermal Cover,,20.74,SET (was blank)
CONTROLUK,Spa Spare Parts,Wired Controller,,0.02,SET (was blank)
ELPUMPBLKOR,Electric Pump,Electric Pump 20PSI Black/Orange,,36.34,SET (was blank)
EXPNAV221,Kayaks,Wave Roamer 2.0 2/1 Person PVC Stitch Kayak Navy,,118.25,SET (was blank)
EXPNAV232,Kayaks,Wave Roamer 2.0 3/2 Person PVC Stitch Kayak Navy,,134.52,SET (was blank)
FILCOV24WW,Spa Covers,Filter Cover WW,,0.06,SET (was blank)
GA6XTSCWW,Spa Covers,6 Person Square Garda Extra Thick Spa Cover WW,,32.28,SET (was blank)
GAR4CHARATUK,Foam Spa,4 Person Square Garda Spa Charcoal Rattan UK,,332.09,SET (was blank)
GAR4COVWW,Spa Covers,4 Person Square Garda Extra Thick Spa Cover WW,,36.1,SET (was blank)
GAR4EPSCVRWW,EPS Foam Spa Cover,EPS Foam Spa Cover Garda 4 - Black,,63.06,SET (was blank)
GAR4FLRATUK,Foam Spa,4 Person Square Garda Spa Flint Rattan UK,,332.09,SET (was blank)
GAR4GRARATUK,Foam Spa,4 Person Square Garda Spa Graphite Rattan UK,,332.09,SET (was blank)
GAR4LFLRATUK,Spa Liner,4 Person Square Garda Spa Liner Flint Rattan UK,,33.4,SET (was blank)
GAR4LIDWW,Inflatable Lids,4 Person Square Inflatable Lid WW,,5.2,SET (was blank)
GAR4LPEBRATUK,Spa Liner,4 Person Square Garda Spa Liner Pebble Rattan UK,,24.93,SET (was blank)
GAR4PEBRATUK,Foam Spa,4 Person Square Garda Spa Pebble Rattan UK,332.09,332.09,ALREADY CORRECT
GAR4TCVBLKWW,Thermal Covers,Garda 4 Thermal Cover,,19.48,SET (was blank)
GAR6CHARATUK,Foam Spa,6 Person Square Garda Spa Charcoal Rattan UK,,352.59,SET (was blank)
GAR6EPSCVRWW,EPS Foam Spa Cover,EPS Foam Spa Cover Garda 6 - Black,,78.61,SET (was blank)
GAR6FLRATUK,Foam Spa,6 Person Square Garda Spa Flint Rattan UK,,352.59,SET (was blank)
GAR6GRARATUK,Foam Spa,6 Person Square Garda Spa Graphite Rattan UK,,352.59,SET (was blank)
GAR6LPEBRATUK,Spa Liner,6 Person Square Garda Spa Liner Pebble Rattan UK,,32.73,SET (was blank)
GAR6PEBRATUK,Foam Spa,6 Person Square Garda Spa Pebble Rattan UK,,352.59,SET (was blank)
GAR6TCVBLKWW,Thermal Covers,Garda 6 Thermal Cover,,20.75,SET (was blank)
HPPK2WCNAVWW,Paddles,Hydro Paddle PK2 Navy,,5.92,SET (was blank)
HYDCARPROBLK,Paddles,Wave Hydro Carbon Pro Paddle,,19.18,SET (was blank)
HYDPADP1BLK,Paddles,Wave Hydro Paddle P1 Black,,4.73,SET (was blank)
IINTHEAT24UK,Spa Spare Parts,Wave Inflatable Integrated Heater Full Unit For 2024 Spas,,66.05,SET (was blank)
INCON24WW,Inlet Connector,Wave Inlet Connector For 2024 Spas,,0.01,SET (was blank)
INFAIRTNT33,Tent,Air Tent,,275.0,SET (was blank)
INFFSETGRYUK,Inflatable Furniture,Inflatable Furniture Set Grey,,105.2,SET (was blank)
INFFSETNAVUK,Inflatable Furniture,Inflatable Furniture Set Navy,,105.2,SET (was blank)
INFHOS24WW,Spa Spare Parts,Wave Inflation Hose For 2024 Integrated Heater,,0.13,SET (was blank)
LED6MUK,Lights,LED Light Strip - 6m,,20.99,SET (was blank)
LEDFOUWW,LED Fountain,Wave Led Fountain With Water Ripples  Light Show,,8.98,SET (was blank)
NAVNAV232,Kayaks,Wave Navigator 2.0 3/2 Person Drop Stitch Kayak Navy,,123.35,SET (was blank)
ONT4HEUK,Dropstitch Spa,Dropstitch Spa Round 4 Oxford Cloth (External),,186.93,SET (was blank)
ONT6HEUK,Dropstitch Spa,Dropstitch Spa Round 6 Oxford Cloth (External),,212.13,SET (was blank)
OUTCON24WW,Outlet Connector,Wave Outlet Connector For 2024 Spas WW,,0.02,SET (was blank)
PAC4BRNRATUK,Inflatable Spa,Pacific Square 4 Person Spa - Brown Rattan,,139.3,SET (was blank)
PAC4COVDGRYWW,Spa Covers,Pacific Square 4 Person Spa Cover Dark Grey,,12.82,SET (was blank)
PAC4DGRYUK,Inflatable Spa,Pacific Square 4 Person Spa - Dark Grey,,135.78,SET (was blank)
PAC4GRATUK,Inflatable Spa,Pacific Square 4 Person Spa - Grey Rattan,,139.18,SET (was blank)
PAC4NAVUK,Inflatable Spa,Pacific Square 4 Person Spa - Navy,,135.78,SET (was blank)
PAC4SLAUK,Inflatable Spa,Pacific Square 4 Person Spa - Slate Rattan,,133.87,SET (was blank)
PAC4TCVBLKWW,Thermal Covers,Pacific 4 Thermal Cover,,20.02,SET (was blank)
PAC6BRNRATUK,Inflatable Spa,Pacific Square 6 Person Spa - Brown Rattan,,165.03,SET (was blank)
PAC6COVDGRYWW,Spa Covers,Pacific Square 6 Person Spa Cover - Dark Grey,,16.09,SET (was blank)
PAC6COVNAVWW,Spa Covers,Pacific Square 6 Person Spa Cover Navy,,17.94,SET (was blank)
PAC6DGRYUK,Inflatable Spa,Pacific Square 6 Person Spa - Dark Grey,,162.52,SET (was blank)
PAC6GRATUK,Inflatable Spa,Pacific Square 6 Person Spa - Grey Rattan,,155.12,SET (was blank)
PAC6INTCVR,Inflatable Covers,Pacific 6 Spa Inflatable Cover,,7.56,SET (was blank)
PAC6NAVUK,Inflatable Spa,Pacific Square 6 Person Spa - Navy,,161.42,SET (was blank)
PAC6SLAUK,Inflatable Spa,Pacific Square 6 Person Spa - Slate Rattan,,165.03,SET (was blank)
PAC6TCVBLKWW,Thermal Covers,Pacific 6 Thermal Cover,,20.76,SET (was blank)
POLCON24WW,Pole Connector,Wave Pole Connector For 2024 Spas,,0.2,SET (was blank)
PRCDUKEU,Spa Spares,Wave UK/Eu Prcd,,0.05,SET (was blank)
PRO126QRRFINWW,Fins,Pro 12'6 Quick Release Racing Fin,,3.79,SET (was blank)
QRWBELTWW,Waist Belt,Quick Release Waist Belt,,5.26,SET (was blank)
QUPTNT33,Tent,Pop Up Tent,,169.0,SET (was blank)
REC104GRYWW,SUPs,10'4 Wave Recon Sup Board Grey,,84.87,SET (was blank)
RECVACUK,Vacuum Cleaner,Rechargeable Pool Vacuum Cleaner UK,,19.19,SET (was blank)
REPKITDGRYWW,Spa Repair Kit,Repair Kit - Dark Grey,,0.02,SET (was blank)
REPKITNAVWW,Spa Repair Kit,Repair Kit Navy,,0.03,SET (was blank)
REPKITRATWW,Spa Repair Kit,Repair Kit - Rattan,,0.02,SET (was blank)
REVIVAL500COCO,Chemicals/Starter Kit,Revival Scents Calming Coconut 500G,2.95,2.8,CHANGED
REVIVAL500FLOSS,Chemicals/Starter Kit,Revival Scents Candy Floss 500G,2.95,2.75,CHANGED
REVIVAL500LAV,Chemicals/Starter Kit,Revival Scents Lavender 500G,2.95,2.76,CHANGED
REVIVAL500SPRING,Chemicals/Starter Kit,Revival Scents Spring Breeze 500G,2.95,2.75,CHANGED
SMASQUMAT9PCS,Foam Mats,Wave Small Square Foam Mats (9 Pieces),,9.5,SET (was blank)
SOLFLTWW,Lights,Solar Floating Pool Light,,7.35,SET (was blank)
STANPOL424WW,Spa Spares,Wave Standard Pole For 2024 4 Person Spas,,1.57,SET (was blank)
SUBLED25WW,Lights,LED Float Light,,6.12,SET (was blank)
TAH4CHARATUK,Foam Spa,4 Person Round Tahoe Spa Charcoal Rattan UK,,286.04,SET (was blank)
TAH4EPSCVRWW,EPS Foam Spa Cover,EPS Foam Spa Cover Tahoe 4 - Black,,60.45,SET (was blank)
TAH4FLRATUK,Foam Spa,4 Person Round Tahoe Spa Flint Rattan UK,,286.04,SET (was blank)
TAH4GRARATUK,Foam Spa,4 Person Round Tahoe Spa Graphite Rattan UK,,286.04,SET (was blank)
TAH4LFLRATUK,Spa Liner,4 Person Round Tahoe Spa Liner Flint Rattan UK,,25.51,SET (was blank)
TAH4LGRARATUK,Spa Liner,4 Person Round Tahoe Spa Liner Graphite Rattan UK,,25.87,SET (was blank)
TAH4LIDWW,Inflatable Lids,4 Person Round Tahoe Inflatable Lid WW,,3.5,SET (was blank)
TAH4LPEBRATUK,Spa Liner,4 Person Round Tahoe Spa Liner Pebble Rattan UK,,26.39,SET (was blank)
TAH4PEBRATUK,Foam Spa,4 Person Round Tahoe Spa Pebble Rattan UK,,286.04,SET (was blank)
TAH4TCVBLKWW,Thermal Covers,Tahoe 4 Thermal Cover,,19.53,SET (was blank)
TAH6CHARRATUK,Foam Spa,6 Person Round Tahoe Spa Charcoal Rattan UK,,309.63,SET (was blank)
TAH6COVWW,Spa Covers,6 Person Round Tahoe Extra Thick Spa Cover WW,,24.32,SET (was blank)
TAH6EPSCVRWW,EPS Foam Spa Cover,EPS Foam Spa Cover Tahoe 6 - Black,,81.88,SET (was blank)
TAH6FLTRATUK,Foam Spa,6 Person Round Tahoe Spa Flint Rattan UK,,309.63,SET (was blank)
TAH6GRARATUK,Foam Spa,6 Person Round Tahoe Spa Graphite Rattan UK,,309.63,SET (was blank)
TAH6LIDWW,Inflatable Lids,6 Person Round Tahoe Inflatable Lid WW,,18.44,SET (was blank)
TAH6LPEBRATUK,Spa Liner,6 Person Round Tahoe Spa Liner Pebble Rattan UK,,27.77,SET (was blank)
TAH6PEBRATUK,Foam Spa,6 Person Round Tahoe Spa Pebble Rattan UK,,309.63,SET (was blank)
TAH6TCVBLKWW,Thermal Covers,Tahoe 6 Thermal Cover,,20.99,SET (was blank)
VEN23WW,Canoe,2/3 Person Canoe,,219.22,SET (was blank)
WIFICON24CAB,Spa Spare Parts,WIFI CONTROLLER CABLE,,0.08,SET (was blank)
WIFICON25UKEU,Spa Spare Parts,Wave Handheld WIFI Controller For 2025 Spas,,0.84,SET (was blank)
WQDT80160WW,Robes,Quick Dry Towel Navy 80X160Cm,,3.11,SET (was blank)
WR3I1NAVLWW,Robes,Wave Robe 3 In 1 Navy,,40.52,SET (was blank)
WR3I1NAVMWW,Robes,Wave Robe 3 In 1 Navy,,40.78,SET (was blank)
WR3I1NAVSWW,Robes,Wave Robe 3 In 1 Navy,,23.3,SET (was blank)
WR3I1WHILWW,Robes,Wave Robe 3 In 1 Ecru White,,46.75,SET (was blank)
WR3I1WHIMWW,Robes,Wave Robe 3 In 1 Ecru White,,43.95,SET (was blank)
WR3I1WHIXLWW,Robes,Wave Robe 3 In 1 Ecru White,,47.71,SET (was blank)
NAVCAM321,Kayaks,Navigator 3.0 | Inflatable Kayak | Drop-Stitch | 2-3 Seater - Camo / 2 Seater,,,NOT FOUND IN SHOPIFY
NAVCAM332,Kayaks,Navigator 3.0 | Inflatable Kayak | Drop-Stitch | 2-3 Seater - Camo / 3 Seater,,,NOT FOUND IN SHOPIFY
NAVNAV31,Kayaks,Navigator 3.0 | Inflatable Kayak | Drop-Stitch - Navy / 1 Seater,,,NOT FOUND IN SHOPIFY
NAVNAV332,Kayaks,Navigator 3.0 | Inflatable Kayak | Drop-Stitch | 2-3 Seater - Navy / 3 Seater,,,NOT FOUND IN SHOPIFY
TBLZCAM321,Kayaks,Trailblazer 3.0 | Inflatable Kayak | Drop-Stitch | 2-3 Seater - Camo / 2 Seater,,,NOT FOUND IN SHOPIFY
TBLZCAM332,Kayaks,Trailblazer 3.0 | Inflatable Kayak | Drop-Stitch | 2-3 Seater - Camo / 3 Seater,,,NOT FOUND IN SHOPIFY
TBLZNAV31,Kayaks,Trailblazer 3.0 | Inflatable Kayak | Drop-Stitch | 2-3 Seater - Navy / 1 Seater,,,NOT FOUND IN SHOPIFY
TBLZNAV321,Kayaks,Trailblazer 3.0 | Inflatable Kayak | Drop-Stitch | 2-3 Seater - Navy / 2 Seater,,,NOT FOUND IN SHOPIFY
TBLZNAV332,Kayaks,Trailblazer 3.0 | Inflatable Kayak | Drop-Stitch | 2-3 Seater - Navy / 3 Seater,,,NOT FOUND IN SHOPIFY
5060959542797,Kayaks,Wave Voyager 1 Person Kayak,,,NOT FOUND IN SHOPIFY
5060959540021,Kayaks,Drop-Stitch Bottom Kayak,,,NOT FOUND IN SHOPIFY
CR3109AQUWW,SUPs,Cruiser 3.0 SUP | Inflatable Paddleboard | 10'9ft - Aqua / 10'9 | 327x81x15cm,,,NOT FOUND IN SHOPIFY
CR3109KHAWW,SUPs,Cruiser 3.0 SUP | Inflatable Paddleboard | 10'9ft - Khaki / 10'9 | 327x81x15cm,,,NOT FOUND IN SHOPIFY
CR3109NAVWW,SUPs,Cruiser 3.0 SUP | Inflatable Paddleboard | 10'9ft - Navy / 10'9 | 327x81x15cm,,,NOT FOUND IN SHOPIFY
HOP2ICEBLUWW,SUPs,Wave Hopper 3.0 | Inflatable Body Board - Ice Blue,,,NOT FOUND IN SHOPIFY
HOP2NVYWW,SUPs,Wave Hopper 3.0 | Inflatable Body Board - Navy,,,NOT FOUND IN SHOPIFY
PR3126NAVWW,SUPs,Pro 3.0 SUP | Inflatable Paddleboard | 12'6ft - Navy / 12'6 | 381x81x15cm,,,NOT FOUND IN SHOPIFY
RC3104GREWW,SUPs,Recon 3.0 SUP | Inflatable Paddleboard | 10'4ft - Dark Green / 10'4 | 315x89x15cm,,,NOT FOUND IN SHOPIFY
RC3104GRYWW,SUPs,Recon 3.0 SUP | Inflatable Paddleboard | 10'4ft - Grey / 10'4 | 315x89x15cm,,,NOT FOUND IN SHOPIFY
SF386AQUWW,SUPs,8'6 Wave Surf Aqua 3.0,,,NOT FOUND IN SHOPIFY
SF386NAVWW,SUPs,8'6 Wave Surf Navy 3.0,,,NOT FOUND IN SHOPIFY
TR3103AQUWW,SUPs,10'3 Wave Tourer 3.0 Sup Board Aqua,,,NOT FOUND IN SHOPIFY
TR3103BLKWW,SUPs,10'3 Wave Tourer 3.0 Sup Board Black,,,NOT FOUND IN SHOPIFY
TR3103NAVWW,SUPs,10'3 Wave Tourer 3.0 Sup Board Navy,,,NOT FOUND IN SHOPIFY
TR3103ORAWW,SUPs,10'3 Wave Tourer 3.0 Sup Board Orange,,,NOT FOUND IN SHOPIFY
TR3103REDWW,SUPs,Tourer 3.0 SUP | Inflatable Paddleboard | 10'3/11'3ft - Red / 10'3 | 312x81x15cm,,,NOT FOUND IN SHOPIFY
TR3113AQUWW,SUPs,Tourer 3.0 SUP | Inflatable Paddleboard | 10'3/11'3ft - Ice Blue / 11'3 | 343x81x15cm,,,NOT FOUND IN SHOPIFY
TR3113BLKWW,SUPs,Tourer 3.0 SUP | Inflatable Paddleboard | 10'3/11'3ft - Midnight / 11'3 | 343x81x15cm,,,NOT FOUND IN SHOPIFY
TR3113NAVWW,SUPs,11'3 Wave Tourer 3.0 Sup Board Navy,,,NOT FOUND IN SHOPIFY
TR3113ORAWW,SUPs,11'3 Wave Tourer 3.0 Sup Board Orange,,,NOT FOUND IN SHOPIFY
TR3113REDWW,SUPs,11'3 Wave Tourer 3.0 Sup Board Red,,,NOT FOUND IN SHOPIFY
WD3109AQUWW,SUPs,Woody 3.0 SUP | Inflatable Paddleboard | 10'9ft - Aqua / 10'9 | 327x81x15cm,,,NOT FOUND IN SHOPIFY
WD3109NAVWW,SUPs,Woody 3.0 SUP | Inflatable Paddleboard | 10'9ft - Navy / 10'9 | 327x81x15cm,,,NOT FOUND IN SHOPIFY
WTS109CHRWW,SUPs,What The SUP?! | Inflatable Stand-Up Paddle Board | 10'9 - Chroma,,,NOT FOUND IN SHOPIFY
WTS109ML2WW,SUPs,What The SUP?! | Inflatable Stand-Up Paddle Board | MUL Edition | 10'9,,,NOT FOUND IN SHOPIFY
WTS109PNKWW,SUPs,What The SUP?! | Inflatable Stand-Up Paddle Board | Pink Edition | 10'9,,,NOT FOUND IN SHOPIFY
WTS109SWIWW,SUPs,What The SUP?! | Inflatable Stand-Up Paddle Board | Swirple Edition | 10'9,,,NOT FOUND IN SHOPIFY
5054487756757,SUPs,10' Wave Pro Sup Board Navy,,,NOT FOUND IN SHOPIFY
5054487654244,SUPs,10' Wave Tourer Sup Board Aqua A,,,NOT FOUND IN SHOPIFY
5054487654220,SUPs,10' Wave Tourer Sup Board Orange A,,,NOT FOUND IN SHOPIFY
5054487756931,SUPs,10' Wave Woody Sup Board Aqua,,,NOT FOUND IN SHOPIFY
5054487756993,SUPs,10' Wave Woody Sup Board Navy,,,NOT FOUND IN SHOPIFY
5054487756429,SUPs,11' Wave Cruiser Sup Board Orange,,,NOT FOUND IN SHOPIFY
5054487756726,SUPs,11' Wave Pro Sup Board Aqua,,,NOT FOUND IN SHOPIFY
5054487756788,SUPs,11' Wave Pro Sup Board Navy,,,NOT FOUND IN SHOPIFY
5054487756962,SUPs,11' Wave Woody Sup Board Aqua,,,NOT FOUND IN SHOPIFY
5054487647222,SUPs,Pathfinder 9'6'' Aqua,,,NOT FOUND IN SHOPIFY
TRLED103WHIWW,SUPs,10'3 Wave Tourer LED 3.0 Sup Board White,,,NOT FOUND IN SHOPIFY
VEN12WW,Canoe,1-2 Person Canoe,,,NOT FOUND IN SHOPIFY
5054487650635,Filters,2Pk Filter (For Models Release Before 2020),,,NOT FOUND IN SHOPIFY
IBCHILLUK,Ice Therapy,Chiller,,,NOT FOUND IN SHOPIFY
5054487648274,Inflatable Covers,Atlantic Plus Spa Inflatable Cover,,,NOT FOUND IN SHOPIFY
5054487648281,Inflatable Covers,Atlantic Spa Inflatable Cover,,,NOT FOUND IN SHOPIFY
TAH4COVWW,Spa Covers,4 Person Round Tahoe Extra Thick Spa Cover WW,,,NOT FOUND IN SHOPIFY
ADR6CVRWW,Spa Covers,Adriatic 6P Square Frame Spa Cover,,,NOT FOUND IN SHOPIFY
AEG6COVDGRYWW,Spa Covers,Aegean Octagonal 6 Person Spa Cover Dark Grey,,,NOT FOUND IN SHOPIFY
AEG6COVNAVYWW,Spa Covers,Aegean Octagonal 6 Person Spa Cover Navy,,,NOT FOUND IN SHOPIFY
ATL4COVSLAWW,Spa Covers,Atlantic Round 4 Person Spa Cover - Slate WW,,,NOT FOUND IN SHOPIFY
ATL4COVDGRYWW,Spa Covers,Atlantic Round 4 Person Spa Cover Dark Grey,,,NOT FOUND IN SHOPIFY
ATL4COVSAGWW,Spa Covers,Atlantic Round 4 Person Spa Cover Sage,,,NOT FOUND IN SHOPIFY
ATL6COVSLAWW,Spa Covers,Atlantic Round 6 Person Spa Cover - Slate WW,,,NOT FOUND IN SHOPIFY
ATL6COVNAVWW,Spa Covers,Atlantic Round 6 Person Spa Cover Navy WW,,,NOT FOUND IN SHOPIFY
ATL6COVSAGWW,Spa Covers,Atlantic Round 6 Person Spa Cover Sage Green,,,NOT FOUND IN SHOPIFY
PAC4COVSLAWW,Spa Covers,Pacific Square 4 Person Spa Cover - Slate WW,,,NOT FOUND IN SHOPIFY
PAC4COVNAVWW,Spa Covers,Pacific Square 4 Person Spa Cover Navy,,,NOT FOUND IN SHOPIFY
PAC6COVSLAWW,Spa Covers,Pacific Square 6 Person Spa Cover - Slate WW,,,NOT FOUND IN SHOPIFY
PAC6COVSAGWW,Spa Covers,Pacific Square 6 Person Spa Cover Sage Green,,,NOT FOUND IN SHOPIFY
GA4FLIFBWW,Foam Base,4 Person Square Garda Floor Insulation Foam Base WW,,,NOT FOUND IN SHOPIFY
PAC4DIBODGRATUK,Spa Body,4P Square Pacific DI Spa Body - Grey Rattan UK,,,NOT FOUND IN SHOPIFY
PAC4DIBODNAVUK,Spa Body,4P Square Pacific DI Spa Body - Navy UK,,,NOT FOUND IN SHOPIFY
CO6FLIFBWW,Foam Base,6 Person Octagon Como Floor Insulation Foam Base WW,,,NOT FOUND IN SHOPIFY
TA6FLIFBWW,Foam Base,6 Person Round Tahoe Floor Insulation Foam Base WW,,,NOT FOUND IN SHOPIFY
GA6FLIFBWW,Foam Base,6 Person Square Garda Floor Insulation Foam Base WW,,,NOT FOUND IN SHOPIFY
5054487648243,Bubble Mat,Atlantic Spa Bubble Mat Liner (Blue 100Gsm)-Discountinue,,,NOT FOUND IN SHOPIFY
INFSPAPIPCLAWW,Pipe Clamp,Inflatable Spa Pipe Clamp WW,,,NOT FOUND IN SHOPIFY
5054487648496,Bubble Mat,Pacific Spa Bubble Mat Liner (Blue 100Gsm),,,NOT FOUND IN SHOPIFY
REPKITSLAWW,Spa Repair Kit,Repair Kit - Slate WW,,,NOT FOUND IN SHOPIFY
2PAV24WW,Spa Air Valve,Two-Part Air Valves WW,,,NOT FOUND IN SHOPIFY
5061091485034,Phone Covers,Wave Waterproof Phone Case Red,,,NOT FOUND IN SHOPIFY
SLFIN3CNVWW,Fins,"Slot Fin with Clip for 3.0 Cruiser, Navigator, Voyager",,,NOT FOUND IN SHOPIFY
QRFN3TRNBWW,Fins,"Quick Release Fin for 3.0 Tourer, Recon, Navigator, Venturer, Trailblazer",,,NOT FOUND IN SHOPIFY
QRLWBLT3WW,Leash,Quick Release Waist Leash Belt 3.0,,,NOT FOUND IN SHOPIFY
5060959546962,Leash,Non-Coiled Ankle Leash (discontinued),,,NOT FOUND IN SHOPIFY
BKPK1CWW,Backpack,Wave BackPack 1 Cruiser 3.0,,,NOT FOUND IN SHOPIFY
BKPK2TWSRWW,Backpack,"Wave BackPack 2 Tourer, Woody, Surf, Recon 3.0",,,NOT FOUND IN SHOPIFY
SUNIRPKITWW,Sup Accessories,"Wave SUP Universal Repair Kit NAVY, AQUA, KHAKI, RED, BLACK",,,NOT FOUND IN SHOPIFY
PMP3TBLKWW,Foot Pump,Wave Black Pump 3 Triple Action,,,NOT FOUND IN SHOPIFY
KAYAKREPKFS,Repair Kit,FS Kayak Repair Kit,,,NOT FOUND IN SHOPIFY
SUPLPFIN,Fins,Low Profile Fin - Compatible With 2.0 Model Sups,,,NOT FOUND IN SHOPIFY
EXNASEAT2,Seat,Kayak Seat 2.0,,,NOT FOUND IN SHOPIFY
5060959545750,Paddles,Wave Kayak Double Paddle,,,NOT FOUND IN SHOPIFY
5060959540441,Paddles,SP. 00683 Wave Kids Kayak Paddle (4Pcs)-Navy,,,NOT FOUND IN SHOPIFY
5060959540090,Seat,SP. 00644  Wave Kayak Seat - Black,,,NOT FOUND IN SHOPIFY
5054487758416,Pump Hose,Wave Tourer Pump Hose A,,,NOT FOUND IN SHOPIFY
AIRV3WSPWW,Air Valve,"Air Valve For 3.0 Woody, Surf, Pro",,,NOT FOUND IN SHOPIFY
EXNAKBOH2,Bottle Holder,Bottle Holder,,,NOT FOUND IN SHOPIFY
5054487760204,Fins,Fin Clip - Navy,,,NOT FOUND IN SHOPIFY
KYKEXPKIT,Expansion Pack,Kayak Expansion Kit,,,NOT FOUND IN SHOPIFY
EXNAKFTR2,Foot Rest,Kayak Foot Rest 2.0,,,NOT FOUND IN SHOPIFY
PRESGAUGEFS,Pressure Gauge,Pressure Gauge,,,NOT FOUND IN SHOPIFY
QRFIN3WSPW,Fins,"Quick Release Fin For 3.0 Woody, Surf, Pro",,,NOT FOUND IN SHOPIFY
SQRFIN3PROWW,Fins,Small Quick Release Fin For 3.0 Pro Only,,,NOT FOUND IN SHOPIFY
5060959540540,Fins,SP. 00693 Wave Pro Fin'S Clip,,,NOT FOUND IN SHOPIFY
5060959547068,Bungees,SP. 00936 WW Wave Crusier Bungee Cord White,,,NOT FOUND IN SHOPIFY
5060959547075,Repair Kit,SP. 00937 WW Wave Cruiser Repair Kit,,,NOT FOUND IN SHOPIFY
5060959547181,Bungees,SP. 00948 WW Wave Tourer Bungee Webbing Set - Aqua,,,NOT FOUND IN SHOPIFY
5060959547198,Bungees,SP. 00949 WW Wave Tourer Bungee Webbing Set - Navy,,,NOT FOUND IN SHOPIFY
EXNAKSTF2,Fins,Standard Kayak Fin,,,NOT FOUND IN SHOPIFY
SUPPADDCLIP,Paddles,Sup Paddle Clip,,,NOT FOUND IN SHOPIFY
5060959546689,Backpack,Wave Cruiser Sup Backpack Navy,,,NOT FOUND IN SHOPIFY
5060959545835,Fins,Wave Kayak Fin/Skeg,,,NOT FOUND IN SHOPIFY
5060959545767,Seat,Wave Kayak Foam Seat,,,NOT FOUND IN SHOPIFY
5060959545880,Foot Pump,Wave Kayak Foot Pump,,,NOT FOUND IN SHOPIFY
5060959545781,Repair Kit,Wave Navigator Kayak Repair Kit (Drop Stitch),,,NOT FOUND IN SHOPIFY
5060959545842,Dry Bags,Wave Roamer 2/1 Bag (Pvc),,,NOT FOUND IN SHOPIFY
5060959545774,Repair Kit,Wave Roamer Kayak Repair Kit (Pvc),,,NOT FOUND IN SHOPIFY
5061091484266,Backpack,Wave Tourer Sup Backpack Black,,,NOT FOUND IN SHOPIFY
5060959540281,Backpack,Wave Tourer Sup Backpack Black Without Logo,,,NOT FOUND IN SHOPIFY
5054487757792,Leash,Wave Tourer Sup Board Leash Black Without Logo B,,,NOT FOUND IN SHOPIFY
5060959545798,Repair Kit,Wave Voyager Kayak Repair Kit (Oxford Cloth),,,NOT FOUND IN SHOPIFY
5054487757822,Repair Kit,WW Wave Sup Repair Kit (Navy),,,NOT FOUND IN SHOPIFY
5054487757839,Repair Kit,WW Wave Sup Repair Kit (Orange) B,,,NOT FOUND IN SHOPIFY
NAVBOD321,Kayak Body,Navigator 3.0 2 Person Drop Stitch Kayak Body,,,NOT FOUND IN SHOPIFY
NAVBOD332,Kayak Body,Navigator 3.0 3 Person Drop Stitch Kayak Body,,,NOT FOUND IN SHOPIFY
EXPBOD221,Kayak Body,Roamer 2.0 2/1 Person Pvc Chamber Kayak Body,,,NOT FOUND IN SHOPIFY
EXPBOD232,Kayak Body,Roamer 2.0 3/2 Person Pvc Chamber Kayak Body,,,NOT FOUND IN SHOPIFY
EXNAKVAL2,Air Valve,Valves,,,NOT FOUND IN SHOPIFY
5060959545804,Inflatable Bladder,Wave Voyager 2/1 Left Inflatable Bladder,,,NOT FOUND IN SHOPIFY
5060959545811,Inflatable Bladder,Wave Voyager 2/1 Right Inflatable Bladder,,,NOT FOUND IN SHOPIFY
HYDPADP2BLKWW,Paddles,Hydro Paddle P2 Tourer,,,NOT FOUND IN SHOPIFY
EXNAKDSP2,Paddles,White Double Sided Paddle,,,NOT FOUND IN SHOPIFY
5061091486147,Paddles,Wave Kayak Double Paddle Black,,,NOT FOUND IN SHOPIFY
PDL2TWSRBWW,Paddles,"Wave Black Paddle 2 Tourer, Woody, Surf Adult, Recon",,,NOT FOUND IN SHOPIFY
PDL4KIDBLK,Paddles,Wave Black Paddle 4 Kids,,,NOT FOUND IN SHOPIFY
PDL3PBLKWW,Paddles,Wave Black Paddle 3 Fibreglass Nylon PRO,,,NOT FOUND IN SHOPIFY
PDL1CBLKWW,Paddles,Wave Black Paddle 1 Cruiser,,,NOT FOUND IN SHOPIFY
PDL1VBLKWW,Paddles,Wave Black Paddle 1 Venturer,,,NOT FOUND IN SHOPIFY
WF2024INTHEATUK,Spa Spare Parts,Wave Filter for 2024 Integrated Heater Spa UK,,,NOT FOUND IN SHOPIFY
UINTHEAT25UK,Spa Spare Parts,Wave DI Integrated Heater Full Unit For 2025 Spas UK,,,NOT FOUND IN SHOPIFY
INTHEACASBKUK,Spa Spare Parts,Integrated Heater Casing (Back) UK,,,NOT FOUND IN SHOPIFY
INTHEACASFRUK,Spa Spare Parts,Integrated Heater Casing (Front),,,NOT FOUND IN SHOPIFY
BLOW24WW,Spa Spare Parts,Wave Blower For 2024 External Heater,,,NOT FOUND IN SHOPIFY
FLCAINTHEATUK,Spa Spare Parts,Flex cable for Integrated Heater UK,,,NOT FOUND IN SHOPIFY
HEATCOM24UK,Spa Spare Parts,Wave Heater Component For 2024 Spas,,,NOT FOUND IN SHOPIFY
ORINGINTHEATWW,Spa Spare Parts,Integrated heater O-ring (one set) WW,,,NOT FOUND IN SHOPIFY
ROT24WW,Spa Spare Parts,Wave Rotor 2024 Heater WW,,,NOT FOUND IN SHOPIFY
TRANFIL24WW,Spa Spare Parts,Wave Transformer And Filter For 2024 External Heater Spa,,,NOT FOUND IN SHOPIFY
WB2024FINTHEATUK,Spa Spare Parts,Foam Wave Blower For 2024 Foam Integrater Heater UK,,,NOT FOUND IN SHOPIFY
WB2024IINTHEATUK,Spa Spare Parts,Inflatable Wave Blower For 2024 Integrater Heater UK,,,NOT FOUND IN SHOPIFY
WT2024INTHEATUK,Spa Spare Parts,Wave Transformer For 2024 Intergrated Heater Spa UK,,,NOT FOUND IN SHOPIFY
EXTHEAT25UK,Spa Spare Parts,2025 External Heater UK,,,NOT FOUND IN SHOPIFY
ADR6HTCNWW,Spa Spare Parts,Adriatic 6P Square Frame Spa Heater Connectors,,,NOT FOUND IN SHOPIFY
0201150KTBC,Spa Spare Parts,Internal Heater Carton box with double wall 580x330x350mm -customised version,,,NOT FOUND IN SHOPIFY
GASKETCOM24WW,Spa Spares,Inner Liner Gasket Component,,,NOT FOUND IN SHOPIFY
24CLIPWW,Spa Spares,Clip (male) For 2024 Spas Cover And Liner UK,,,NOT FOUND IN SHOPIFY
COM6ILBLWW,Spa Liner,6P Octagon Como DI Blue Inner Liner WW,,,NOT FOUND IN SHOPIFY
GAR4ILBLWW,Spa Spares,4P Square Garda DI Blue Inner Liner WW,,,NOT FOUND IN SHOPIFY
TAH4ILBLWW,Spa Spares,4P Round Tahoe DI Blue Inner Liner WW,,,NOT FOUND IN SHOPIFY
TAH6ILBLWW,Spa Spares,6P Round Tahoe DI Blue Inner Liner WW,,,NOT FOUND IN SHOPIFY
24GA6MBILUK,Spa Spares,6 Person Square Garda Metallic Blue Inner Liner UK 24,,,NOT FOUND IN SHOPIFY
24GAR4ILBLUK,Spa Spares,4 Person Square Garda Metallic Blue Inner Liner UK 24,,,NOT FOUND IN SHOPIFY
24TAH4ILBLUK,Spa Spares,4 Person Round Tahoe Metallic Blue Inner Liner UK 24,,,NOT FOUND IN SHOPIFY
ADR6INLNRWW,Frame Spa Spares,Adriatic 6P Square Frame Spa Inner Liner,,,NOT FOUND IN SHOPIFY
PAC4DIBODDGRYUK,Spa Liner,4P Square Pacific DI Spa Body - Dark Grey UK,,,NOT FOUND IN SHOPIFY
ATL6DIBODGRATUK,Spa Liner,6P Round Atlantic DI Spa Body - Grey Rattan UK,,,NOT FOUND IN SHOPIFY
ATL4DIBODDGRYUK,Spa Liner,4P Round Atlantic DI Spa Body - Dark Grey UK,,,NOT FOUND IN SHOPIFY
AEG6DIBODDGRYUK,Spa Body,6P Octagonal Aegean DI Spa Body - Dark Grey UK,,,NOT FOUND IN SHOPIFY
AEG6DIBODNAVYUK,Spa Body,6P Octagonal Aegean DI Spa Body - Navy UK,,,NOT FOUND IN SHOPIFY
ATL6DIBODNAVUK,Spa Body,6P Round Atlantic DI Spa Body - Navy UK,,,NOT FOUND IN SHOPIFY
PAC6DIBODDGRYUK,Spa Body,6P Square Pacific DI Spa Body - Dark Grey UK,,,NOT FOUND IN SHOPIFY
PAC6DIBODGRATUK,Spa Body,6P Square Pacific DI Spa Body - Grey Rattan UK,,,NOT FOUND IN SHOPIFY
PAC6DIBODNAVUK,Spa Body,6P Square Pacific DI Spa Body - Navy UK,,,NOT FOUND IN SHOPIFY
ATL6BODBRRTUK,Spa Body,Atlantic Round 6 Person Body - Brown Rattan UK,,,NOT FOUND IN SHOPIFY
ATL6BODSLAUK,Spa Body,Atlantic Round 6 Person DI Body - Slate UK,,,NOT FOUND IN SHOPIFY
PAC4BODBRRTUK,Spa Body,Pacific Square 4 Person Body - Brown Rattan UK,,,NOT FOUND IN SHOPIFY
PAC4BODSLAUK,Spa Body,Pacific Square 4 Person DI Body - Slate UK,,,NOT FOUND IN SHOPIFY
PAC6BODBRRTUK,Spa Body,Pacific Square 6 Person Body - Brown Rattan UK,,,NOT FOUND IN SHOPIFY
PAC6BODSLAUK,Spa Body,Pacific Square 6 Person DI Body - Slate UK,,,NOT FOUND IN SHOPIFY
TA4FLIFBWW,Spa Spares,4 Person Round Tahoe Floor Insulation Foam Base WW,,,NOT FOUND IN SHOPIFY
GA6PAW4WW,Spa Spares,6 Person Square Garda Foam Panel W4,,,NOT FOUND IN SHOPIFY
ADR6WDPNLWW,Spa Spares,Adriatic 6P Square Frame Spa Alu Panel Assembly,,,NOT FOUND IN SHOPIFY
ADR6CNCVRWW,Spa Spares,Adriatic 6P Square Frame Spa Connectors Cover,,,NOT FOUND IN SHOPIFY
ADR6CRALUWW,Spa Spares,Adriatic 6P Square Frame Spa Corner Black Rubber,,,NOT FOUND IN SHOPIFY
ADR6FLFMWW,Spa Spares,Adriatic 6P Square Frame Spa Floor Foam,,,NOT FOUND IN SHOPIFY
ADR6DSLIDWW,Spa Spares,Adriatic 6P Square Frame Spa Inflatable Dropstitch Lid,,,NOT FOUND IN SHOPIFY
ADR6W1WW,Spa Spares,Adriatic 6P Square Frame Spa Panel Foam W1,,,NOT FOUND IN SHOPIFY
ADR6W2WW,Spa Spares,Adriatic 6P Square Frame Spa Panel Foam W2,,,NOT FOUND IN SHOPIFY
ADR6TLKITWW,Spa Spares,Adriatic 6P Square Frame Spa Toolkit,,,NOT FOUND IN SHOPIFY
ADR6TPALUWW,Spa Spares,Adriatic 6P Square Frame Spa Top Black Plastic Profile,,,NOT FOUND IN SHOPIFY
ADR6RUBCNWW,Spa Spares,Adriatic Square Frame Spa Rubber Corner,,,NOT FOUND IN SHOPIFY
FLXCACLAMPWW,Spa Spares,Clamp For Main Flex Cable WW,,,NOT FOUND IN SHOPIFY
EARTHBARWW,Spa Spares,Earth Bar WW,,,NOT FOUND IN SHOPIFY
FILHOUFPUK,Spa Spares,Filtration Housing Face Plate UK,,,NOT FOUND IN SHOPIFY
HP00324UK,Spa Spares,Heater Circuit Board,,,NOT FOUND IN SHOPIFY
THERMRSBUT24WW,Spa Spares,Thermostat Reset Button,,,NOT FOUND IN SHOPIFY
SPATHRRINGBLOUTWW,Spa Spares,Threaded Ring For The Blower Outlet WW,,,NOT FOUND IN SHOPIFY
TA4PAW1WW,Spa Spares,Wave 4 Person Round Tahoe Foam Panel W1,,,NOT FOUND IN SHOPIFY
TA4PAW2WW,Spa Spares,Wave 4 Person Round Tahoe Foam Panel W2,,,NOT FOUND IN SHOPIFY
TA4PAW3WW,Spa Spares,Wave 4 Person Round Tahoe Foam Panel W3,,,NOT FOUND IN SHOPIFY
TA4PAW4WW,Spa Spares,Wave 4 Person Round Tahoe Foam Panel W4,,,NOT FOUND IN SHOPIFY
GA4PAW1WW,Spa Spares,Wave 4 Person Square Garda Foam Panel W1,,,NOT FOUND IN SHOPIFY
GA4PAW2WW,Spa Spares,Wave 4 Person Square Garda Foam Panel W2,,,NOT FOUND IN SHOPIFY
GA4PAW3WW,Spa Spares,Wave 4 Person Square Garda Foam Panel W3,,,NOT FOUND IN SHOPIFY
GA4PAW4WW,Spa Spares,Wave 4 Person Square Garda Foam Panel W4,,,NOT FOUND IN SHOPIFY
COM6PAW1WW,Spa Spares,Wave 6 Person Octagon Como Foam Panel W1,,,NOT FOUND IN SHOPIFY
COM6PAW2WW,Spa Spares,Wave 6 Person Octagon Como Foam Panel W2,,,NOT FOUND IN SHOPIFY
COM6PAW3WW,Spa Spares,Wave 6 Person Octagon Como Foam Panel W3,,,NOT FOUND IN SHOPIFY
COM6PAW4WW,Spa Spares,Wave 6 Person Octagon Como Foam Panel W4,,,NOT FOUND IN SHOPIFY
TA6PAW1WW,Spa Spares,Wave 6 Person Round Tahoe Foam Panel W1,,,NOT FOUND IN SHOPIFY
TA6PAW2WW,Spa Spares,Wave 6 Person Round Tahoe Foam Panel W2,,,NOT FOUND IN SHOPIFY
TA6PAW3WW,Spa Spares,Wave 6 Person Round Tahoe Foam Panel W3,,,NOT FOUND IN SHOPIFY
TA6PAW4WW,Spa Spares,Wave 6 Person Round Tahoe Foam Panel W4,,,NOT FOUND IN SHOPIFY
GA6PAW1WW,Spa Spares,Wave 6 Person Square Garda Foam Panel W1,,,NOT FOUND IN SHOPIFY
GA6PAW2WW,Spa Spares,Wave 6 Person Square Garda Foam Panel W2,,,NOT FOUND IN SHOPIFY
GA6PAW3WW,Spa Spares,Wave 6 Person Square Garda Foam Panel W3,,,NOT FOUND IN SHOPIFY
GA6STPOWW,Spa Spares,Wave Standard Pole For 2024 6 Person Spas WW,,,NOT FOUND IN SHOPIFY
PLUG24UK,Spa Spares,Wave UK Plug,,,NOT FOUND IN SHOPIFY
COM6SLDLSUK-CH,Liner Sets,6 Person Octagonal Como Charcoal LD Liner Set UK,,,NOT FOUND IN SHOPIFY
COM6SLDLSUK-FL,Liner Sets,6 Person Octagonal Como Flint LD Liner Set UK,,,NOT FOUND IN SHOPIFY
COM6SLDLSUK-GR,Liner Sets,6 Person Octagonal Como Graphite LD Liner Set UK,,,NOT FOUND IN SHOPIFY
COM6SLDLSUK-PB,Liner Sets,6 Person Octagonal Como Pebble LD Liner Set UK,,,NOT FOUND IN SHOPIFY
COM6SPALSUK-CH,Liner Sets,6 Person Octagonal Como Charcoal Liner Set UK,,,NOT FOUND IN SHOPIFY
COM6SPALSUK-FL,Liner Sets,6 Person Octagonal Como Flint Liner Set UK,,,NOT FOUND IN SHOPIFY
COM6SPALSUK-GR,Liner Sets,6 Person Octagonal Como Graphite Liner Set UK,,,NOT FOUND IN SHOPIFY
COM6SPALSUK-PB,Liner Sets,6 Person Octagonal Como Pebble Liner Set UK,,,NOT FOUND IN SHOPIFY
GAR4SLDLSUK-CH,Liner Sets,4 Person Square Garda LD Liner Set Charcoal UK,,,NOT FOUND IN SHOPIFY
GAR4SLDLSUK-FL,Liner Sets,4 Person Square Garda LD Liner Set Flint UK,,,NOT FOUND IN SHOPIFY
GAR4SLDLSUK-GR,Liner Sets,4 Person Square Garda LD Liner Set Graphite UK,,,NOT FOUND IN SHOPIFY
GAR4SLDLSUK-PB,Liner Sets,4 Person Square Garda LD Liner Set Pebble UK,,,NOT FOUND IN SHOPIFY
GAR4SPALSUK-CH,Liner Sets,4 Person Square Garda Liner Set Charcoal UK,,,NOT FOUND IN SHOPIFY
GAR4SPALSUK-FL,Liner Sets,4 Person Square Garda Liner Set Flint UK,,,NOT FOUND IN SHOPIFY
GAR4SPALSUK-GR,Liner Sets,4 Person Square Garda Liner Set Graphite UK,,,NOT FOUND IN SHOPIFY
GAR4SPALSUK-PB,Liner Sets,4 Person Square Garda Liner Set Pebble UK,,,NOT FOUND IN SHOPIFY
GAR6SLDLSUK-FL,Liner Sets,6 Person Square Garda LD Liner Set Flint UK,,,NOT FOUND IN SHOPIFY
GAR6SLDLSUK-GR,Liner Sets,6 Person Square Garda LD Liner Set Graphite UK,,,NOT FOUND IN SHOPIFY
GAR6SLDLSUK-PB,Liner Sets,6 Person Square Garda LD Liner Set Pebble UK,,,NOT FOUND IN SHOPIFY
GAR6SPALSUK-CH,Liner Sets,6 Person Square Garda Liner Set Charcoal UK,,,NOT FOUND IN SHOPIFY
GAR6SPALSUK-FL,Liner Sets,6 Person Square Garda Liner Set Flint UK,,,NOT FOUND IN SHOPIFY
GAR6SPALSUK-GR,Liner Sets,6 Person Square Garda Liner Set Graphite UK,,,NOT FOUND IN SHOPIFY
GAR6SPALSUK-PB,Liner Sets,6 Person Square Garda Liner Set Pebble UK,,,NOT FOUND IN SHOPIFY
TAH4SLDLSUK-CH,Liner Sets,4 Person Round Tahoe Charcoal LD Liner Set UK,,,NOT FOUND IN SHOPIFY
TAH4SLDLSUK-FL,Liner Sets,4 Person Round Tahoe Flint LD Liner Set UK,,,NOT FOUND IN SHOPIFY
TAH4SLDLSUK-GR,Liner Sets,4 Person Round Tahoe Graphite LD Liner Set UK,,,NOT FOUND IN SHOPIFY
TAH4SLDLSUK-PB,Liner Sets,4 Person Round Tahoe Pebble LD Liner Set UK,,,NOT FOUND IN SHOPIFY
TAH4SPALSUK-CH,Liner Sets,4 Person Round Tahoe Charcoal Liner Set UK,,,NOT FOUND IN SHOPIFY
TAH4SPALSUK-FL,Liner Sets,4 Person Round Tahoe Flint Liner Set UK,,,NOT FOUND IN SHOPIFY
TAH4SPALSUK-GR,Liner Sets,4 Person Round Tahoe Graphite Liner Set UK,,,NOT FOUND IN SHOPIFY
TAH4SPALSUK-PB,Liner Sets,4 Person Round Tahoe Pebble Liner Set UK,,,NOT FOUND IN SHOPIFY
TAH6SLDLSUK-CH,Liner Sets,6 Person Round Tahoe Charcoal LD Liner Set UK,,,NOT FOUND IN SHOPIFY
TAH6SLDLSUK-FL,Liner Sets,6 Person Round Tahoe Flint LD Liner Set UK,,,NOT FOUND IN SHOPIFY
TAH6SLDLSUK-GR,Liner Sets,6 Person Round Tahoe Graphite LD Liner Set UK,,,NOT FOUND IN SHOPIFY
TAH6SLDLSUK-PB,Liner Sets,6 Person Round Tahoe Pebble LD Liner Set UK,,,NOT FOUND IN SHOPIFY
TAH6SPALSUK-CH,Liner Sets,6 Person Round Tahoe Charcoal Liner Set UK,,,NOT FOUND IN SHOPIFY
TAH6SPALSUK-FL,Liner Sets,6 Person Round Tahoe Flint Liner Set UK,,,NOT FOUND IN SHOPIFY
TAH6SPALSUK-GR,Liner Sets,6 Person Round Tahoe Graphite Liner Set UK,,,NOT FOUND IN SHOPIFY
TAH6SPALSUK-PB,Liner Sets,6 Person Round Tahoe Pebble Liner Set UK,,,NOT FOUND IN SHOPIFY
5054487648168,Chemicals/Starter Kit,SP. 00138 50Pcs 3 In 1 Hot Tub Test Strips,,,NOT FOUND IN SHOPIFY
5054487582288,Chemicals/Starter Kit,Hot Tub Ph Reducer 1L,,,NOT FOUND IN SHOPIFY
HTSTARTKIT1KG,Chemicals/Starter Kit,Starter Kit,,,NOT FOUND IN SHOPIFY
5060149807026,Chemicals/Starter Kit,Hot Tub Scent Soothing Tea Tree 500G,,,NOT FOUND IN SHOPIFY
5060149801291,Chemicals/Starter Kit,Hot Tub Multi Functional Tablets 1Kg 2026,,,NOT FOUND IN SHOPIFY
GAR4SBUK-CH-A,Packaging,4 Person Square Garda Charcoal UK - Spare Box 1,,,NOT FOUND IN SHOPIFY
FRAGSTIC,Packaging,Fragile Stickers,,,NOT FOUND IN SHOPIFY
PAS204,Packaging,Paper Bag 420X215X805,,,NOT FOUND IN SHOPIFY
VOIDFILLUK,Packaging,Speedman Void Paper Filler,,,NOT FOUND IN SHOPIFY
CDW241818MREV1,Packaging,Carton Boxes For Jilong Heater 610x457x457,,,NOT FOUND IN SHOPIFY
PR3126WWSB,Packaging,12'6 Wave Pro 3.0 Sup Board Spare box,,,NOT FOUND IN SHOPIFY
CDW210X300X600,Packaging,210X300X600mm Heater Box,,,NOT FOUND IN SHOPIFY
WD3109WWSB,Packaging,10'9 Wave Woody 3.0 Sup Board Spare Box,,,NOT FOUND IN SHOPIFY
SF386WWSB,Packaging,8'6 Wave Surf 3.0 Spare Box,,,NOT FOUND IN SHOPIFY
